,index,bvd_id_number,country_code,industry_code,size_class,status_year,status_date_latest,status_latest,default_indicator,fixed_assets_0,fixed_assets_1,fixed_assets_2,fixed_assets_3,intangible_fixed_assets_0,intangible_fixed_assets_1,intangible_fixed_assets_2,intangible_fixed_assets_3,tangible_fixed_assets_0,tangible_fixed_assets_1,tangible_fixed_assets_2,tangible_fixed_assets_3,other_fixed_assets_0,other_fixed_assets_1,other_fixed_assets_2,other_fixed_assets_3,current_assets_0,current_assets_1,current_assets_2,current_assets_3,stock_0,stock_1,stock_2,stock_3,debtors_0,debtors_1,debtors_2,debtors_3,other_current_assets_0,other_current_assets_1,other_current_assets_2,other_current_assets_3,cash_cash_equivalent_0,cash_cash_equivalent_1,cash_cash_equivalent_2,cash_cash_equivalent_3,total_assets_0,total_assets_1,total_assets_2,total_assets_3,shareholders_funds_0,shareholders_funds_1,shareholders_funds_2,shareholders_funds_3,capital_0,capital_1,capital_2,capital_3,other_shareholders_funds_0,other_shareholders_funds_1,other_shareholders_funds_2,other_shareholders_funds_3,noncurrent_liabilities_0,noncurrent_liabilities_1,noncurrent_liabilities_2,noncurrent_liabilities_3,long_term_debt_0,long_term_debt_1,long_term_debt_2,long_term_debt_3,other_noncurrent_liabilities_0,other_noncurrent_liabilities_1,other_noncurrent_liabilities_2,other_noncurrent_liabilities_3,provisions_0,provisions_1,provisions_2,provisions_3,current_liabilities_0,current_liabilities_1,current_liabilities_2,current_liabilities_3,loans_0,loans_1,loans_2,loans_3,creditors_0,creditors_1,creditors_2,creditors_3,other_current_liabilities_0,other_current_liabilities_1,other_current_liabilities_2,other_current_liabilities_3,total_shareh_funds_liab_0,total_shareh_funds_liab_1,total_shareh_funds_liab_2,total_shareh_funds_liab_3,working_capital_0,working_capital_1,working_capital_2,working_capital_3,net_current_assets_0,net_current_assets_1,net_current_assets_2,net_current_assets_3,enterprise_value_0,enterprise_value_1,enterprise_value_2,enterprise_value_3,number_of_employees_0,number_of_employees_1,number_of_employees_2,number_of_employees_3,operating_revenue_0,operating_revenue_1,operating_revenue_2,operating_revenue_3,sales_0,sales_1,sales_2,sales_3,costs_of_goods_sold_0,costs_of_goods_sold_1,costs_of_goods_sold_2,costs_of_goods_sold_3,gross_profit_0,gross_profit_1,gross_profit_2,gross_profit_3,other_operating_expenses_0,other_operating_expenses_1,other_operating_expenses_2,other_operating_expenses_3,operating_pl_ebit_0,operating_pl_ebit_1,operating_pl_ebit_2,operating_pl_ebit_3,financial_revenue_0,financial_revenue_1,financial_revenue_2,financial_revenue_3,financial_expenses_0,financial_expenses_1,financial_expenses_2,financial_expenses_3,financial_pl_0,financial_pl_1,financial_pl_2,financial_pl_3,pl_before_tax_0,pl_before_tax_1,pl_before_tax_2,pl_before_tax_3,taxation_0,taxation_1,taxation_2,taxation_3,pl_after_tax_0,pl_after_tax_1,pl_after_tax_2,pl_after_tax_3,extr_and_other_revenue_0,extr_and_other_revenue_1,extr_and_other_revenue_2,extr_and_other_revenue_3,extr_and_other_expenses_0,extr_and_other_expenses_1,extr_and_other_expenses_2,extr_and_other_expenses_3,extr_and_other_pl_0,extr_and_other_pl_1,extr_and_other_pl_2,extr_and_other_pl_3,pl_for_period_net_income_0,pl_for_period_net_income_1,pl_for_period_net_income_2,pl_for_period_net_income_3,export_revenue_0,export_revenue_1,export_revenue_2,export_revenue_3,material_costs_0,material_costs_1,material_costs_2,material_costs_3,costs_of_employees_0,costs_of_employees_1,costs_of_employees_2,costs_of_employees_3,depreciation_amortization_0,depreciation_amortization_1,depreciation_amortization_2,depreciation_amortization_3,interest_paid_0,interest_paid_1,interest_paid_2,interest_paid_3,research_development_expenses_0,research_development_expenses_1,research_development_expenses_2,research_development_expenses_3,cash_flow_0,cash_flow_1,cash_flow_2,cash_flow_3,added_value_0,added_value_1,added_value_2,added_value_3,ebitda_0,ebitda_1,ebitda_2,ebitda_3
1,409479565,RU78171352,RU,G,SME,2011,16991231,non_default,0,3193.0,5080.0,7299.0,10761.0,0.0,0.0,0.0,0.0,3193.0,5080.0,7299.0,10761.0,0.0,0.0,0.0,0.0,1202275.0,970017.0,904939.0,1011233.0,1045692.0,836576.0,722197.0,581652.0,146261.0,26408.0,176705.0,414198.0,10322.0,107032.0,6036.0,15383.0,9722.0,42042.0,298.0,9318.0,1205467.0,975097.0,912237.0,1021994.0,181836.0,123918.0,150494.0,115117.0,240.0,245.0,230.0,245.0,181595.0,123673.0,150265.0,114873.0,0.0,0.0,0.0,0.0,0.0,0.0,0.0,0.0,0.0,0.0,0.0,0.0,0.0,0.0,0.0,0.0,1023632.0,851179.0,761743.0,906877.0,0.0,0.0,0.0,0.0,1023632.0,803713.0,752838.0,895064.0,0.0,47466.0,8905.0,11813.0,1205467.0,975097.0,912237.0,1021994.0,168321.0,59272.0,146064.0,100786.0,178643.0,118838.0,143195.0,104357.0,,,,,223.0,212.0,223.0,220.0,9565340.0,6749130.0,7440313.0,11460996.0,,,,,9314803.0,6566456.0,7212518.0,11072477.0,250537.0,182674.0,227795.0,388518.0,157087.0,170133.0,173446.0,306760.0,93450.0,12542.0,54350.0,81759.0,0.0,0.0,0.0,0.0,0.0,0.0,0.0,0.0,0.0,0.0,0.0,0.0,93450.0,12542.0,54350.0,81759.0,18508.0,2602.0,11109.0,21057.0,74943.0,9940.0,43241.0,60701.0,48.0,74.0,0.0,4696.0,6145.0,1620.0,780.0,6554.0,-6097.0,-1546.0,-780.0,-1859.0,68845.0,8394.0,42461.0,58843.0,,,,,,,,,,,,,,,,,,,,,,,,,,,,,,,,,,,,
2,409936846,RU79023978,RU,G,SME,2013,16991231,non_default,1,18743.0,548763.0,0.0,21721.0,0.0,0.0,0.0,0.0,18632.0,548763.0,0.0,49.0,111.0,0.0,0.0,21672.0,1363011.0,9511740.0,8733145.0,9526918.0,35824.0,952394.0,892350.0,192295.0,508675.0,6289031.0,4273938.0,1463652.0,818511.0,2270315.0,3566856.0,7870971.0,332.0,392327.0,5929.0,22113.0,1381754.0,10060503.0,8733145.0,9548639.0,301705.0,319486.0,288656.0,283105.0,222.0,250.0,240.0,245.0,301483.0,319236.0,288416.0,282859.0,0.0,0.0,0.0,0.0,0.0,0.0,0.0,0.0,0.0,0.0,0.0,0.0,0.0,0.0,0.0,0.0,1080049.0,9741017.0,8444489.0,9265534.0,360570.0,5044625.0,3265021.0,6135357.0,719479.0,4696392.0,5179467.0,1514923.0,0.0,0.0,0.0,1615255.0,1381754.0,10060503.0,8733145.0,9548639.0,-174979.0,2545033.0,-13179.0,141025.0,282962.0,-229277.0,288656.0,261384.0,,,,,96.0,85.0,96.0,107.0,7540227.0,6161741.0,8652825.0,11077698.0,,,,,6749232.0,6073453.0,8643104.0,11048320.0,790995.0,88287.0,9722.0,29378.0,695662.0,112518.0,20068.0,8320.0,95332.0,-24230.0,-10346.0,21058.0,222413.0,204997.0,270893.0,249112.0,362387.0,326723.0,558205.0,549814.0,-139974.0,-121726.0,-287312.0,-300702.0,-44642.0,-145956.0,-297658.0,-279644.0,13027.0,6263.0,24149.0,3534.0,-57669.0,-152219.0,-321807.0,-283178.0,8863780.0,6891495.0,6856075.0,17167504.0,8788077.0,6719862.0,6543702.0,16870188.0,75703.0,171634.0,312373.0,297315.0,18034.0,19414.0,-9434.0,14137.0,,,,,,,,,,,,,,,,,362387.0,326723.0,558205.0,549814.0,,,,,,,,,,,,,,,,
3,409872267,RU79859926,RU,F,SME,2013,16991231,non_default,0,1328937.0,649378.0,178523.0,222704.0,0.0,0.0,0.0,0.0,403174.0,274369.0,147845.0,222704.0,925763.0,375009.0,30678.0,0.0,10021349.0,9093311.0,5259811.0,1545184.0,1980821.0,4142887.0,1164779.0,495893.0,7832361.0,4851905.0,1349543.0,783637.0,208167.0,98518.0,2745488.0,265654.0,5938.0,27025.0,75927.0,10431.0,11350285.0,9742689.0,5438334.0,1767888.0,-2783934.0,352924.0,651703.0,816941.0,121852.0,137247.0,132026.0,134987.0,-2905786.0,215677.0,519677.0,681954.0,343445.0,387561.0,77535.0,23144.0,0.0,0.0,0.0,0.0,343445.0,387561.0,77535.0,23144.0,0.0,0.0,50050.0,,13790775.0,9002204.0,4709095.0,927803.0,0.0,1411747.0,1044204.0,0.0,13437383.0,7237682.0,3664892.0,597894.0,353392.0,352775.0,0.0,329908.0,11350285.0,9742689.0,5438334.0,1767888.0,-3624202.0,1757111.0,-1150569.0,681635.0,-3769427.0,91107.0,550716.0,617382.0,,,,,255.0,264.0,253.0,264.0,5966745.0,7307079.0,5047394.0,6275743.0,,,,,7082352.0,6596639.0,4985845.0,5419950.0,-1115608.0,710440.0,61548.0,855793.0,1086230.0,889560.0,0.0,0.0,-2201838.0,-179120.0,61548.0,855793.0,2215.0,1397.0,1248.0,0.0,354.0,0.0,0.0,0.0,1861.0,1397.0,1248.0,0.0,-2199977.0,-177722.0,62796.0,855793.0,-572260.0,-16020.0,19900.0,167826.0,-1627717.0,-161702.0,42896.0,687968.0,36644.0,269104.0,62100.0,18505.0,1393895.0,270801.0,99547.0,41502.0,-1357251.0,-1697.0,-37447.0,-22997.0,-2984968.0,-163399.0,5449.0,664971.0,,,,,,,,,,,,,,,,,354.0,,,,,,,,,,,,,,,,,,,
4,440112490,RU89954117,RU,G,SME,2014,16991231,non_default,0,0.0,0.0,0.0,0.0,0.0,0.0,0.0,0.0,0.0,0.0,0.0,0.0,0.0,0.0,0.0,0.0,2926621.0,5537694.0,2492630.0,1555288.0,2908700.0,5521499.0,2484095.0,1551711.0,0.0,0.0,0.0,0.0,17920.0,16195.0,8534.0,3577.0,17920.0,16195.0,8534.0,3577.0,2926621.0,5537694.0,2492630.0,1555288.0,1122858.0,1195587.0,1026009.0,698200.0,146.0,222.0,250.0,240.0,1122712.0,1195365.0,1025759.0,697960.0,0.0,0.0,0.0,0.0,0.0,0.0,0.0,0.0,0.0,0.0,0.0,0.0,0.0,0.0,0.0,0.0,1803762.0,4342107.0,1466621.0,857087.0,0.0,0.0,0.0,0.0,1803762.0,4342107.0,1466621.0,857087.0,0.0,0.0,0.0,0.0,2926621.0,5537694.0,2492630.0,1555288.0,1104938.0,1179391.0,1017474.0,694624.0,1122858.0,1195587.0,1026009.0,698200.0,,,,,30.0,23.0,18.0,18.0,5851323.0,7711417.0,8012878.0,7773702.0,,,,,5244838.0,7041588.0,7021106.0,6944148.0,606486.0,669830.0,991772.0,829554.0,371651.0,407206.0,722069.0,640109.0,234835.0,262624.0,269703.0,189445.0,0.0,0.0,0.0,0.0,0.0,0.0,0.0,0.0,0.0,0.0,0.0,0.0,234835.0,262624.0,269703.0,189445.0,81138.0,119791.0,102586.0,43977.0,153697.0,142832.0,167117.0,145468.0,107813.0,220751.0,208017.0,88217.0,70641.0,78916.0,74937.0,3841.0,37172.0,141835.0,133080.0,84376.0,190869.0,284668.0,300197.0,229845.0,,,,,,,,,,,,,,,,,,,,,,,,,,,,,,,,,,,,
5,448629119,ESF34251967,ES,A,SME,2021,20140104,non_default,0,1543.0,2246.0,52258.0,69288.0,0.0,0.0,0.0,0.0,0.0,0.0,19750.0,36742.0,1543.0,2246.0,32508.0,32546.0,2774780.0,2334663.0,2602925.0,2475637.0,,,,449639.0,2774780.0,2334663.0,2602925.0,2025133.0,,,,866.0,,,,866.0,2776324.0,2336909.0,2655183.0,2544925.0,21669.0,21506.0,21388.0,19824.0,9400.0,9400.0,9400.0,9400.0,12269.0,12106.0,11988.0,10424.0,0.0,0.0,0.0,0.0,,,,,,,,,,,,,2754654.0,2315403.0,2633795.0,2525101.0,0.0,119618.0,101705.0,198409.0,2632566.0,2041.0,2026.0,15060.0,122088.0,2193743.0,2530064.0,2311633.0,2776324.0,2336909.0,2655183.0,2544925.0,142214.0,2332621.0,2600900.0,2459712.0,,,,,,,,,1.0,1.0,,,8113998.0,8654682.0,11742144.0,10720788.0,8113998.0,8654682.0,11655144.0,10655885.0,,,,,,,,,,,,,1086.0,430.0,2504.0,-20011.0,164.0,387.0,,23500.0,1078.0,456.0,959.0,1640.0,-914.0,-69.0,-959.0,21860.0,171.0,361.0,1544.0,1849.0,17.0,262.0,62.0,54.0,154.0,99.0,1483.0,1794.0,,,,,,,,,,,,,154.0,99.0,1483.0,1794.0,,,,,7839497.0,8456265.0,11153948.0,10467189.0,33073.0,28183.0,,,,11282.0,16992.0,19016.0,1078.0,456.0,959.0,1640.0,,,,,154.0,11381.0,18475.0,20811.0,34323.0,40281.0,19495.0,22505.0,1086.0,11712.0,19495.0,-995.0
6,459127459,RU37361968,RU,N,SME,2016,16991231,non_default,0,443708.0,431583.0,587497.0,391277.0,0.0,0.0,0.0,0.0,443708.0,431230.0,586560.0,389305.0,0.0,365.0,937.0,1972.0,986215.0,1391211.0,1501346.0,1327386.0,171509.0,982389.0,1008076.0,763567.0,814127.0,368935.0,470153.0,536679.0,579.0,39888.0,23117.0,27140.0,391.0,4184.0,6515.0,26674.0,1429907.0,1822795.0,2088843.0,1718663.0,124307.0,113072.0,111195.0,86537.0,156.0,126.0,146.0,222.0,124151.0,112946.0,111049.0,86315.0,9290.0,8608.0,12283.0,5849.0,0.0,0.0,0.0,0.0,9290.0,8608.0,12283.0,5849.0,0.0,0.0,0.0,0.0,1296326.0,1701115.0,1965365.0,1626277.0,0.0,0.0,0.0,0.0,1296326.0,1701115.0,1965365.0,1626277.0,0.0,0.0,0.0,0.0,1429907.0,1822795.0,2088843.0,1718663.0,-310690.0,-349791.0,-487136.0,-326031.0,-310111.0,-309903.0,-464018.0,-298891.0,,,,,53.0,66.0,57.0,46.0,9478246.0,12637051.0,13663780.0,9720154.0,,,,,9376147.0,12535346.0,13464156.0,9512873.0,102098.0,101705.0,199624.0,207281.0,114861.0,76197.0,109292.0,107429.0,-12762.0,25508.0,90332.0,99852.0,0.0,0.0,1801.0,3279.0,0.0,0.0,0.0,0.0,0.0,0.0,1801.0,3279.0,-12762.0,25508.0,92133.0,103131.0,-422.0,4877.0,13557.0,20670.0,-12340.0,20631.0,78576.0,82460.0,87616.0,52339.0,71402.0,21490.0,91275.0,55616.0,95954.0,21778.0,-3660.0,-3277.0,-24552.0,-288.0,-16000.0,17354.0,54024.0,82172.0,,,,,,,,,,,,,,,,,,,,,,,,,-4801.0,-1424.0,-13030.0,19740.0,,,,,,,,
7,448938189,RU75976188,RU,G,SME,2015,16991231,non_default,0,163345.0,238627.0,225625.0,109199.0,0.0,0.0,0.0,0.0,111547.0,191923.0,138113.0,21011.0,51798.0,46703.0,87512.0,88187.0,15918154.0,15865956.0,27112798.0,24297582.0,12899151.0,11856914.0,16358235.0,12408874.0,2596910.0,3927830.0,10673632.0,11514148.0,422093.0,81211.0,80932.0,374559.0,5558.0,30599.0,39148.0,115737.0,16081499.0,16104582.0,27338424.0,24406780.0,606661.0,649397.0,832291.0,774572.0,126028.0,146406.0,221549.0,249540.0,480633.0,502991.0,610743.0,525032.0,654401.0,2415694.0,5139704.0,4491719.0,654401.0,2415694.0,5139704.0,4491719.0,0.0,0.0,0.0,0.0,0.0,0.0,0.0,0.0,14820437.0,13039491.0,21366428.0,19140488.0,2873.0,859841.0,9792.0,3049703.0,14817564.0,12179651.0,21356636.0,16090786.0,0.0,0.0,0.0,0.0,16081499.0,16104582.0,27338424.0,24406780.0,678497.0,3605094.0,5675231.0,7832236.0,1097717.0,2826464.0,5746371.0,5157093.0,,,,,93.0,102.0,93.0,104.0,8742972.0,10491652.0,14993208.0,20263368.0,,,,,7583728.0,8165690.0,12560694.0,17851540.0,1159244.0,2325962.0,2432514.0,2411829.0,764965.0,1406344.0,1552169.0,1488107.0,394279.0,919618.0,880345.0,923722.0,0.0,600.0,1950.0,349.0,291490.0,515202.0,550504.0,341296.0,-291490.0,-514601.0,-548554.0,-340946.0,102789.0,405017.0,331791.0,582776.0,11910.0,24845.0,23152.0,-14698.0,90879.0,380172.0,308639.0,597474.0,229825.0,195744.0,434767.0,711588.0,273052.0,476521.0,598801.0,1054531.0,-43228.0,-280777.0,-164035.0,-342943.0,47651.0,99395.0,144605.0,254531.0,,,,,,,,,,,,,,,,,291490.0,515202.0,550504.0,341296.0,,,,,2363934.0,295125.0,1730338.0,-16982892.0,,,,,,,,
8,459151944,RU37423847,RU,GX,SME,2015,16991231,non_default,0,52276.0,7496.0,85163.0,0.0,0.0,0.0,0.0,0.0,33801.0,7496.0,65379.0,0.0,18488.0,0.0,19784.0,0.0,4426737.0,4923711.0,27662904.0,4366575.0,13.0,9926.0,1934052.0,0.0,4386156.0,4839177.0,11044770.0,3256072.0,40556.0,74608.0,14684081.0,1110503.0,38628.0,25475.0,12523075.0,1108082.0,4479013.0,4931207.0,27748068.0,4366575.0,1991244.0,3086364.0,3067251.0,652971.0,252.0,293.0,443.0,499.0,1990992.0,3086071.0,3066808.0,652472.0,0.0,0.0,9948.0,0.0,0.0,0.0,0.0,0.0,0.0,0.0,9948.0,0.0,0.0,0.0,0.0,0.0,2487769.0,1844829.0,24670890.0,3713604.0,0.0,258347.0,15425205.0,1188259.0,2467995.0,1557449.0,9213982.0,2525344.0,19774.0,29032.0,31704.0,0.0,4479013.0,4931207.0,27748068.0,4366575.0,1918173.0,3291654.0,3764841.0,730728.0,1938967.0,3078882.0,2992013.0,652971.0,,,,,56.0,67.0,84.0,59.0,8191788.0,13233684.0,50061330.0,8821637.0,,,,,6634282.0,8637628.0,30045370.0,6787238.0,1557506.0,4596055.0,20015956.0,2034400.0,1145028.0,2181606.0,16441072.0,1210419.0,412477.0,2414449.0,3574885.0,823981.0,116904.0,125206.0,18322.0,0.0,3680.0,97272.0,309880.0,4192.0,113224.0,27934.0,-291558.0,-4192.0,525701.0,2442384.0,3283327.0,819789.0,99575.0,471368.0,621067.0,163524.0,426126.0,1971016.0,2662260.0,656265.0,1209592.0,145849.0,6779.0,0.0,1252215.0,249461.0,188161.0,3768.0,-42623.0,-103611.0,-181382.0,-3768.0,383503.0,1867405.0,2480878.0,652497.0,,,,,,,,,,,,,,,,,3680.0,97272.0,309880.0,4192.0,,,,,1108241.0,2154199.0,-1853298.0,,,,,,,,,
9,7000375,IT00174710145,IT,C,SME,2006,16991231,non_default,0,1384038.0,1067546.0,1093528.0,950419.0,819427.0,651498.0,672129.0,700478.0,559611.0,411048.0,416399.0,244941.0,5000.0,5000.0,5000.0,5000.0,1744301.0,1010980.0,1269786.0,1445104.0,269078.0,135956.0,140934.0,137782.0,398247.0,407318.0,0.0,0.0,1076976.0,467706.0,1128852.0,1307322.0,924514.0,434899.0,675849.0,817900.0,3128339.0,2078526.0,2363314.0,2395523.0,892437.0,831825.0,721550.0,618772.0,10400.0,10400.0,10400.0,10400.0,882037.0,821425.0,711150.0,608372.0,150886.0,134564.0,123308.0,113892.0,0.0,0.0,0.0,0.0,150886.0,134564.0,123308.0,113892.0,0.0,0.0,0.0,0.0,2085016.0,1112137.0,1518456.0,1662859.0,0.0,0.0,0.0,0.0,1957613.0,996747.0,0.0,0.0,127403.0,115390.0,1518456.0,1662859.0,3128339.0,2078526.0,2363314.0,2395523.0,-1290288.0,-453473.0,140934.0,137782.0,-340715.0,-101157.0,-248670.0,-217755.0,,,,,16.0,18.0,18.0,18.0,7153464.0,6622374.0,6515973.0,6147198.0,7044813.0,6518318.0,6404842.0,6038530.0,,,,,,,,,,,,,157932.0,213750.0,202993.0,146360.0,12411.0,8357.0,8660.0,12910.0,10463.0,8737.0,7114.0,7183.0,1948.0,-380.0,1547.0,5727.0,159880.0,213370.0,204539.0,152087.0,99269.0,103094.0,101762.0,32435.0,60611.0,110276.0,102777.0,119652.0,0.0,0.0,0.0,0.0,0.0,0.0,0.0,0.0,0.0,0.0,0.0,0.0,60611.0,110276.0,102777.0,119652.0,,,,,5502125.0,5191586.0,5207861.0,4798875.0,507938.0,502907.0,460000.0,440548.0,136504.0,109947.0,160501.0,167223.0,10463.0,8737.0,7114.0,7183.0,,,,,197115.0,220223.0,263278.0,286875.0,814785.0,834961.0,832154.0,767041.0,294436.0,323697.0,363494.0,313583.0
10,7000376,IT00174710145,IT,C,SME,2005,16991231,non_default,0,1067546.0,1093528.0,950419.0,688927.0,651498.0,672129.0,700478.0,467160.0,411048.0,416399.0,244941.0,221767.0,5000.0,5000.0,5000.0,0.0,1010980.0,1269786.0,1445104.0,1931771.0,135956.0,140934.0,137782.0,236723.0,407318.0,0.0,0.0,0.0,467706.0,1128852.0,1307322.0,1695048.0,434899.0,675849.0,817900.0,1115071.0,2078526.0,2363314.0,2395523.0,2620698.0,831825.0,721550.0,618772.0,499120.0,10400.0,10400.0,10400.0,10400.0,821425.0,711150.0,608372.0,488720.0,134564.0,123308.0,113892.0,113958.0,0.0,0.0,0.0,0.0,134564.0,123308.0,113892.0,113958.0,0.0,0.0,0.0,0.0,1112137.0,1518456.0,1662859.0,2007620.0,0.0,0.0,0.0,0.0,996747.0,0.0,0.0,0.0,115390.0,1518456.0,1662859.0,2007620.0,2078526.0,2363314.0,2395523.0,2620698.0,-453473.0,140934.0,137782.0,236723.0,-101157.0,-248670.0,-217755.0,-75849.0,,,,,18.0,18.0,18.0,17.0,6622374.0,6515973.0,6147198.0,5624460.0,6518318.0,6404842.0,6038530.0,5571186.0,,,,,,,,,,,,,213750.0,202993.0,146360.0,211283.0,8357.0,8660.0,12910.0,20663.0,8737.0,7114.0,7183.0,6948.0,-380.0,1547.0,5727.0,13715.0,213370.0,204539.0,152087.0,224998.0,103094.0,101762.0,32435.0,26585.0,110276.0,102777.0,119652.0,198413.0,0.0,0.0,0.0,0.0,0.0,0.0,0.0,0.0,0.0,0.0,0.0,0.0,110276.0,102777.0,119652.0,198413.0,,,,,5191586.0,5207861.0,4798875.0,4509138.0,502907.0,460000.0,440548.0,421953.0,109947.0,160501.0,167223.0,92830.0,8737.0,7114.0,7183.0,6948.0,,,,,220223.0,263278.0,286875.0,291243.0,834961.0,832154.0,767041.0,746729.0,323697.0,363494.0,313583.0,304113.0
11,7000905,IT02969620133,IT,G,SME,2019,16991231,non_default,0,925814.0,869887.0,878699.0,904449.0,3546.0,7589.0,11945.0,26291.0,855583.0,795613.0,800069.0,811473.0,66685.0,66685.0,66685.0,66685.0,4992900.0,4570473.0,3426120.0,3643681.0,217722.0,211348.0,246722.0,243880.0,3539335.0,3170124.0,2226384.0,2618696.0,1235843.0,1189001.0,953014.0,781105.0,1168075.0,284756.0,441197.0,589742.0,5918714.0,5440360.0,4304819.0,4548130.0,2316057.0,1753063.0,1471934.0,1362848.0,200000.0,200000.0,200000.0,200000.0,2116057.0,1553063.0,1271934.0,1162848.0,1466164.0,1421124.0,1389685.0,1285420.0,0.0,0.0,0.0,0.0,1466164.0,1421124.0,1389685.0,1285420.0,1027592.0,927708.0,830976.0,659806.0,2136493.0,2266173.0,1443200.0,1899862.0,0.0,0.0,0.0,0.0,0.0,0.0,0.0,1850826.0,2136493.0,2266173.0,1443200.0,49036.0,5918714.0,5440360.0,4304819.0,4548130.0,3757057.0,3381472.0,2473106.0,1011750.0,2856407.0,2304300.0,1982920.0,1743819.0,,,,,9.0,9.0,9.0,9.0,8982328.0,7709045.0,6502724.0,5996118.0,8916561.0,7585481.0,6498519.0,6020824.0,,,,,,,,,,,,,818680.0,348067.0,143068.0,92956.0,6000.0,7744.0,31922.0,0.0,14099.0,-8761.0,3806.0,30227.0,-8099.0,16505.0,28116.0,-30227.0,810581.0,364572.0,171184.0,62729.0,247588.0,83444.0,62097.0,19173.0,562993.0,281128.0,109087.0,43556.0,0.0,0.0,0.0,0.0,0.0,0.0,0.0,0.0,0.0,0.0,0.0,0.0,562993.0,281128.0,109087.0,43556.0,,,,,5095473.0,4372782.0,3533314.0,3511907.0,416276.0,343636.0,301781.0,259167.0,71708.0,57089.0,55419.0,37510.0,14449.0,7399.0,8288.0,144.0,,,,,634701.0,338217.0,164506.0,81066.0,1313014.0,772696.0,536672.0,359550.0,890388.0,405156.0,198487.0,130466.0
12,7000907,IT02969620133,IT,G,SME,2017,16991231,non_default,0,878699.0,904449.0,172082.0,136766.0,11945.0,26291.0,40636.0,52742.0,800069.0,811473.0,64761.0,17339.0,66685.0,66685.0,66685.0,66685.0,3426120.0,3643681.0,3244578.0,3308259.0,246722.0,243880.0,285752.0,351267.0,2226384.0,2618696.0,2042670.0,1906009.0,953014.0,781105.0,916156.0,1050983.0,441197.0,589742.0,296008.0,617699.0,4304819.0,4548130.0,3416660.0,3445025.0,1471934.0,1362848.0,592544.0,518501.0,200000.0,200000.0,200000.0,200000.0,1271934.0,1162848.0,392544.0,318501.0,1389685.0,1285420.0,689359.0,477597.0,0.0,0.0,0.0,0.0,1389685.0,1285420.0,689359.0,477597.0,830976.0,659806.0,659806.0,442353.0,1443200.0,1899862.0,2134757.0,2448927.0,0.0,0.0,32.0,0.0,0.0,1850826.0,2061217.0,2367972.0,1443200.0,49036.0,73508.0,80955.0,4304819.0,4548130.0,3416660.0,3445025.0,2473106.0,1011750.0,267205.0,-110696.0,1982920.0,1743819.0,1109821.0,859332.0,,,,,9.0,9.0,6.0,6.0,6502724.0,5996118.0,7307012.0,7221544.0,6498519.0,6020824.0,7242787.0,7214260.0,,,,,,,,,,,,,143068.0,92956.0,223132.0,90319.0,31922.0,0.0,0.0,0.0,3806.0,30227.0,99337.0,-15120.0,28116.0,-30227.0,-99337.0,15120.0,171184.0,62729.0,123795.0,105439.0,62097.0,19173.0,56507.0,49152.0,109087.0,43556.0,67288.0,56287.0,0.0,0.0,7201.0,170.0,0.0,0.0,446.0,3537.0,0.0,0.0,6755.0,-3367.0,109087.0,43556.0,74043.0,52920.0,,,,,3533314.0,3511907.0,4454043.0,3892552.0,301781.0,259167.0,240219.0,180412.0,55419.0,37510.0,30868.0,19236.0,8288.0,144.0,222.0,,,,,,164506.0,81066.0,104911.0,72156.0,536672.0,359550.0,401859.0,,198487.0,130466.0,254000.0,109555.0
13,7003001,ESB31908767,ES,F,SME,2021,20061201,non_default,0,8779464.0,8630432.0,8107574.0,8412595.0,0.0,0.0,0.0,0.0,10820.0,0.0,0.0,0.0,8768644.0,8630432.0,8107574.0,8412595.0,20932324.0,18888228.0,18472892.0,23874030.0,18816632.0,17081080.0,14974912.0,21735188.0,191137.0,638442.0,688046.0,359131.0,1924556.0,1168705.0,2809935.0,1779711.0,1872071.0,1168705.0,2809935.0,1779711.0,29711788.0,27518660.0,26580466.0,32286624.0,18666880.0,17674104.0,17646870.0,17537684.0,1000000.0,1000000.0,1000000.0,1000000.0,17666880.0,16674103.0,16646870.0,16537684.0,6415691.0,4016348.0,4630160.0,8126568.0,6415691.0,4016348.0,4630160.0,8126568.0,0.0,0.0,0.0,0.0,0.0,0.0,0.0,0.0,4629217.0,5828209.0,4303436.0,6622373.0,270296.0,415944.0,415351.0,15608.0,3364391.0,19170.0,15504.0,239993.0,994530.0,5393095.0,3872582.0,6366772.0,29711788.0,27518660.0,26580466.0,32286624.0,15643378.0,17700352.0,15647454.0,21854326.0,,,,,,,,,2.0,3.0,4.0,4.0,6183707.0,5560985.0,13279446.0,16076984.0,5990841.0,5438626.0,13196630.0,16016788.0,,,,,,,,,,,,,1578355.0,257525.0,367746.0,-186363.0,58877.0,1.0,4.0,3.0,138775.0,127243.0,213989.0,342637.0,-79898.0,-127242.0,-213985.0,-342634.0,1498457.0,130283.0,153760.0,-528996.0,411358.0,36479.0,44574.0,-104088.0,1087099.0,93804.0,109187.0,-424908.0,,,,,,,,,,,,,1087099.0,93804.0,109187.0,-424908.0,,,,,4524494.0,6203546.0,8401935.0,11918821.0,244778.0,231988.0,263066.0,295857.0,69123.0,69159.0,12898.0,12898.0,138775.0,127243.0,201865.0,342637.0,,,,,1156222.0,162963.0,122085.0,-412010.0,1951133.0,558673.0,631590.0,122395.0,1647478.0,326684.0,380644.0,-173465.0
14,7003052,PL142922548,PL,D,SME,2021,20211214,non_default,0,48713.0,57893.0,72427.0,98958.0,,7372.0,15939.0,26482.0,3480.0,5204.0,7501.0,24159.0,45451.0,45317.0,48988.0,48550.0,1565342.0,6864371.0,7253062.0,5173457.0,155273.0,0.0,0.0,0.0,343166.0,6724733.0,4281191.0,5151389.0,1066903.0,139638.0,2971871.0,22068.0,6959.0,558335.0,3909444.0,248556.0,1614055.0,6922265.0,7325490.0,5272415.0,-4475729.0,-2903990.0,-2148213.0,-2444447.0,492785.0,491334.0,531135.0,526382.0,-4968296.0,-3395108.0,-2679348.0,-2970597.0,2216879.0,959902.0,1443393.0,1870909.0,0.0,0.0,0.0,0.0,2216879.0,959902.0,1443393.0,1870909.0,2216879.0,959902.0,1443393.0,1870909.0,3872905.0,8866136.0,8030310.0,5845953.0,0.0,0.0,0.0,,2861457.0,7476263.0,7753961.0,4987388.0,1011448.0,1389874.0,276350.0,858332.0,1614055.0,6922265.0,7325490.0,5272415.0,-2363018.0,-751746.0,-3473004.0,164001.0,,,,-672496.0,,,,,,,21.0,21.0,7474408.0,6244457.0,16385724.0,24782230.0,1930255.0,6148836.0,16330876.0,24577578.0,,,,,,,,,,,,,1078864.0,-923475.0,594655.0,-4111169.0,7394.0,6939.0,21095.0,23462.0,435.0,,25549.0,128924.0,6959.0,6939.0,-4453.0,-105462.0,1085823.0,-916536.0,590202.0,-4216631.0,,,,,1085823.0,-916536.0,590202.0,-4216631.0,,,,,,,,,,,,,1085823.0,-916536.0,590202.0,-4216631.0,,,,,2109884.0,6406862.0,14623790.0,25578540.0,208118.0,228538.0,218923.0,376087.0,9134.0,9107.0,15001.0,56216.0,435.0,,25549.0,128924.0,,,,,1095174.0,-907429.0,605203.0,-4160415.0,1303726.0,-678891.0,849675.0,,1087997.0,-914368.0,609657.0,-4054953.0
15,7003156,SE5564586948,SE,C,SME,2012,16991231,non_default,0,3341981.0,3522332.0,3784590.0,3392010.0,2594955.0,2746187.0,2926564.0,2620066.0,96830.0,149798.0,235993.0,227662.0,650195.0,626347.0,622033.0,544282.0,3738506.0,6608061.0,5401206.0,7632438.0,1384287.0,1323946.0,1942682.0,1738387.0,1320782.0,2592349.0,1122111.0,3241894.0,1033438.0,2691766.0,2336413.0,2652157.0,538101.0,2421231.0,1651397.0,1994434.0,7080487.0,10130393.0,9185796.0,11024448.0,5053346.0,5786472.0,5677554.0,6059872.0,3330678.0,3207363.0,3186413.0,2788130.0,1722668.0,2579109.0,2491141.0,3271741.0,324515.0,385323.0,443226.0,422258.0,0.0,0.0,0.0,0.0,324515.0,385323.0,443226.0,422258.0,131787.0,162141.0,200098.0,190791.0,1702626.0,3958598.0,3065016.0,4542319.0,57329.0,1859292.0,954118.0,1628555.0,766485.0,614453.0,835062.0,1781891.0,878812.0,1484853.0,1275836.0,1131873.0,7080487.0,10130393.0,9185796.0,11024448.0,1938584.0,3301842.0,2229731.0,3198390.0,2035880.0,2649463.0,2336190.0,3090119.0,2017261.0,2517159.0,3349505.0,4959501.0,22.0,25.0,34.0,39.0,9279848.0,10507637.0,12324386.0,14865833.0,9085722.0,10316995.0,11780386.0,14040338.0,5475973.0,5834384.0,7386583.0,9876676.0,3803876.0,4673253.0,4937803.0,4989157.0,4761341.0,4585057.0,6124236.0,4722673.0,-957465.0,88196.0,-1186433.0,266484.0,27732.0,52850.0,52170.0,105638.0,68166.0,87298.0,118052.0,134217.0,-40433.0,-34448.0,-65882.0,-28580.0,-997898.0,53748.0,-1252315.0,237904.0,-38802.0,-21544.0,-21515.0,-9949.0,-959096.0,75292.0,-1230800.0,247853.0,,,,,,,,,0.0,0.0,0.0,0.0,-959096.0,75292.0,-1230800.0,247853.0,,,,,,,,921671.0,2376475.0,2348857.0,3322636.0,,322068.0,297801.0,307338.0,248048.0,68166.0,87298.0,118052.0,134217.0,418898.0,515485.0,577777.0,442741.0,-637028.0,373093.0,-923462.0,495902.0,1768811.0,2787704.0,2495711.0,,-635397.0,385997.0,-879095.0,514532.0
16,7003402,IT05253550965,IT,J,SME,2014,16991231,non_default,0,1093289.0,727347.0,999023.0,1365915.0,113025.0,107991.0,117614.0,134024.0,430014.0,569106.0,831159.0,1181641.0,550250.0,50250.0,50250.0,50250.0,6471245.0,5066174.0,5930054.0,5429085.0,0.0,0.0,0.0,28579.0,0.0,3691900.0,3564329.0,3626985.0,6471245.0,1374274.0,2365725.0,1773521.0,2606047.0,1173363.0,1478851.0,729503.0,7564534.0,5793521.0,6929077.0,6795000.0,5289868.0,4228106.0,4207750.0,3815604.0,80000.0,80000.0,80000.0,80000.0,5209868.0,4148106.0,4127750.0,3735604.0,539949.0,376188.0,636529.0,375746.0,0.0,0.0,251508.0,286253.0,539949.0,376188.0,385021.0,89493.0,500000.0,300000.0,300309.0,809.0,1734717.0,1189227.0,2084798.0,2603650.0,0.0,1594.0,55.0,357460.0,0.0,819073.0,1084162.0,1214542.0,1734717.0,368560.0,1000581.0,1031648.0,7564534.0,5793521.0,6929077.0,6795000.0,0.0,2872827.0,2480167.0,2441022.0,4736528.0,3876947.0,3845256.0,2825435.0,,,,,7.0,8.0,11.0,13.0,8103962.0,7900748.0,8721947.0,9148610.0,8081471.0,7841021.0,8749208.0,9107289.0,,,,,,,,,,,,,1696660.0,1912195.0,1654005.0,1691138.0,2907.0,684.0,12044.0,9602.0,9672.0,13730.0,17960.0,36341.0,-6765.0,-13046.0,-5916.0,-26739.0,1689895.0,1899149.0,1648089.0,1664399.0,637300.0,678792.0,706830.0,654988.0,1052595.0,1220357.0,941259.0,1009411.0,9164.0,0.0,54169.0,1810.0,0.0,0.0,3283.0,59143.0,9164.0,0.0,50886.0,-57333.0,1061759.0,1220357.0,992145.0,952078.0,,,,,65006.0,88626.0,67778.0,45823.0,362584.0,428142.0,529851.0,614455.0,328387.0,370341.0,493187.0,738049.0,9672.0,13730.0,17960.0,32956.0,,,,,1390146.0,1590698.0,1485332.0,1690127.0,2399702.0,2711362.0,2739973.0,2992526.0,2025047.0,2282536.0,2147192.0,2429187.0
17,7003454,DE6070535155,DE,M,SME,2018,16991231,non_default,0,835470.0,743939.0,381182.0,388813.0,2.0,30.0,144.0,1341.0,835468.0,743909.0,381038.0,387472.0,0.0,0.0,0.0,0.0,1086005.0,9853823.0,5482083.0,4751072.0,0.0,0.0,0.0,0.0,238775.0,2787531.0,1652189.0,1084241.0,847230.0,7066293.0,3829894.0,3666831.0,129906.0,645145.0,266717.0,1010050.0,1921475.0,10597762.0,5863265.0,5139885.0,378355.0,378355.0,378355.0,378355.0,25000.0,25000.0,25000.0,25000.0,353355.0,353355.0,353355.0,353355.0,718800.0,788093.0,638043.0,541864.0,108364.0,179853.0,34715.0,0.0,610436.0,608240.0,603328.0,541864.0,610436.0,608240.0,603328.0,541864.0,824320.0,9431314.0,4846868.0,4219666.0,71489.0,76860.0,19000.0,6.0,197857.0,6138146.0,1655677.0,1380706.0,554974.0,3216308.0,3172191.0,2838955.0,1921475.0,10597762.0,5863265.0,5139885.0,40918.0,-3350615.0,-3487.0,-296465.0,261685.0,422509.0,635216.0,531406.0,,,,,61.0,127.0,139.0,142.0,9229903.0,36042210.0,25178992.0,22275592.0,9090371.0,35950030.0,25124448.0,22053472.0,,,,,,,,,,,,,559408.0,740182.0,2350532.0,1919149.0,16.0,46.0,92.0,225.0,2400.0,696.0,735.0,11651.0,-2384.0,-649.0,-643.0,-11426.0,557024.0,739533.0,2349888.0,1907723.0,3858.0,9.0,,-5196.0,553166.0,739524.0,2349888.0,1912919.0,,,,,553166.0,739524.0,2349888.0,1912919.0,-553166.0,-739524.0,-2349888.0,-1912919.0,,,,,,,,,32352.0,902612.0,762286.0,749449.0,3496196.0,6011010.0,5919226.0,5903835.0,151774.0,134594.0,113834.0,117697.0,2400.0,696.0,735.0,11651.0,,,,,151774.0,134594.0,113834.0,117697.0,3654228.0,6146309.0,6033795.0,6027988.0,711182.0,874776.0,2464365.0,2036846.0
18,7000109,UA24658276,UA,C,SME,2009,16991231,non_default,0,5636087.0,5788681.0,7128824.0,5622263.0,29209.0,33968.0,38296.0,241.0,5606877.0,5524126.0,6784868.0,5279541.0,0.0,230588.0,305659.0,342482.0,3614040.0,3584425.0,5872384.0,4648991.0,1388049.0,562332.0,1342691.0,1890642.0,299656.0,636333.0,598741.0,388010.0,1926334.0,2385759.0,3930953.0,2370339.0,36512.0,67469.0,60492.0,22403.0,9250126.0,9373106.0,13001208.0,10271254.0,-519421.0,-468175.0,-795039.0,-239097.0,35642.0,38260.0,55151.0,61646.0,-555063.0,-506435.0,-850190.0,-300743.0,2775142.0,3065019.0,4272863.0,3235866.0,2775142.0,3065019.0,4272097.0,3231280.0,0.0,0.0,767.0,4586.0,0.0,0.0,767.0,4586.0,6994405.0,6776262.0,9523384.0,7274485.0,1288512.0,1472553.0,672576.0,375891.0,2731676.0,2212655.0,1757052.0,1587343.0,2974217.0,3091054.0,7093756.0,5311251.0,9250126.0,9373106.0,13001208.0,10271254.0,-1043971.0,-1013990.0,184380.0,691309.0,-3380365.0,-3191837.0,-3650999.0,-2625494.0,,,,,957.0,984.0,778.0,665.0,9721734.0,14411327.0,12743531.0,9738631.0,9374266.0,13603476.0,10396845.0,9522975.0,8327774.0,11025202.0,11292152.0,8364388.0,1393961.0,3386125.0,1451379.0,1374243.0,2350825.0,3304005.0,1923097.0,1992057.0,-956865.0,82120.0,-471718.0,-617815.0,87.0,187.0,0.0,0.0,0.0,0.0,87771.0,565085.0,87.0,187.0,-87771.0,-565085.0,-956778.0,82306.0,-559489.0,-1182899.0,24602.0,0.0,0.0,0.0,-981380.0,82306.0,-559489.0,-1182899.0,3484771.0,18384.0,136990.0,478449.0,2586673.0,17357.0,175919.0,377094.0,898098.0,1026.0,-38929.0,101355.0,-83281.0,83333.0,-598418.0,-804046.0,,,,,8976028.0,11741229.0,10220616.0,8528442.0,1146464.0,1636605.0,1614882.0,1515698.0,328691.0,166105.0,1118911.0,464601.0,,,87771.0,565085.0,,,,,245410.0,249438.0,520493.0,-339445.0,,,2223147.0,1741338.0,-628173.0,248225.0,647193.0,-153213.0
19,7000882,ESB07126550,ES,G,SME,2020,19930823,non_default,0,1785247.0,959981.0,783344.0,750118.0,54131.0,75890.0,33306.0,7720.0,1509568.0,862348.0,727590.0,730669.0,221548.0,21743.0,22448.0,11730.0,4530672.0,7445746.0,6623952.0,6626131.0,2670685.0,3780597.0,3567072.0,3569734.0,1552532.0,3556457.0,2979553.0,2922448.0,307455.0,108691.0,77326.0,133949.0,87540.0,24164.0,37495.0,47111.0,6315919.0,8405727.0,7407296.0,7376249.0,2876788.0,3474760.0,2438059.0,2256322.0,668700.0,668700.0,60101.0,60101.0,2208088.0,2806060.0,2377958.0,2196221.0,1322462.0,7142.0,21627.0,47575.0,1322462.0,7142.0,21627.0,47575.0,0.0,0.0,0.0,0.0,0.0,0.0,0.0,0.0,2116668.0,4923825.0,4947610.0,5072353.0,1016057.0,3047966.0,2827804.0,2846491.0,722020.0,1550065.0,1890682.0,2104832.0,378591.0,325794.0,229124.0,121029.0,6315919.0,8405727.0,7407296.0,7376249.0,3501196.0,5786989.0,4655944.0,4387350.0,,,,,,,,,42.0,50.0,44.0,43.0,5340527.0,16395173.0,15953105.0,16054840.0,5336591.0,16394273.0,15952684.0,16053910.0,,,,,,,,,,,,,-765303.0,599408.0,269889.0,177554.0,920.0,2458.0,337.0,3898.0,32912.0,37118.0,31066.0,43951.0,-31992.0,-34661.0,-30728.0,-40053.0,-797295.0,564748.0,239160.0,137501.0,-199324.0,136646.0,57423.0,42817.0,-597971.0,428102.0,181737.0,94684.0,,,,,,,,,,,,,-597971.0,428102.0,181737.0,94684.0,,,,,4165710.0,12804292.0,13696609.0,13834687.0,928801.0,1456259.0,1254871.0,1184038.0,146710.0,131621.0,94878.0,90107.0,32912.0,37118.0,31066.0,43951.0,,,,,-451262.0,559723.0,276615.0,184791.0,311127.0,2189746.0,1619975.0,1455596.0,-618594.0,731030.0,364767.0,267661.0
